position,Gen,Donor,Recipient
L,G2,HR_175,HR_027
L,G1,HR_189,HR_51
L,G2,HR_095,HR_178
L,G1,HR_180,HR_36
L,G1,HR_6,HR_162
L,G2,HR_164,HR_041
L,G1,HR_6,HR_162
L,G1,HR_175,HR_196
L,G1,HR_157,HR_95
L,G1,HR_64,HR_19
L,G1,HR_155,HR_47
L,G1,HR_115,HR_111
L,G2,HR_125,HR_086
L,G2,HR_149,HR_174
L,G2,HR_141,HR_044
L,G1,HR_195,HR_104
L,G2,HR_069,HR_156
L,G1,HR_002,HR_71
L,G2,HR_057,HR_110
L,G1,HR_155,HR_47
L,G1,HR_108,HR_177
L,G1,HR_155,HR_47
L,G2,HR_053,HR_169
L,G2,HR_034,HR_080
L,G2,HR_147,HR_118
L,G1,HR_100,HR_135
L,G1,HR_115,HR_111
L,G1,HR_196,HR_183
L,G1,HR_62,HR_136
L,G1,HR_027,HR_119
L,G2,HR_141,HR_044
L,G1,HR_133,HR_158
L,G2,HR_180,HR_179
L,G2,HR_066,HR_137
L,G2,HR_164,HR_005
L,G2,HR_053,HR_038
L,G2,HR_148,HR_109
L,G1,HR_156,HR_197
L,G1,HR_69,HR_156
L,G1,HR_149,HR_65
L,G1,HR_74,HR_70
L,G2,HR_141,HR_184
L,G1,HR_95,HR_178
L,G2,HR_168,HR_101
L,G2,HR_110,HR_037
L,G1,HR_002,HR_59
L,G1,HR_148,HR_114
L,G2,HR_006,HR_146
L,G1,HR_69,HR_156
L,G2,HR_135,HR_152
L,G2,HR_008,HR_058
L,G1,HR_027,HR_145
L,G2,HR_131,HR_049
L,G1,HR_53,HR_169
L,G1,HR_149,HR_7
L,G2,HR_149,HR_007
L,G1,HR_171,HR_1
L,G2,HR_125,HR_034
L,G1,HR_69,HR_108
L,G1,HR_121,HR_105
L,G1,HR_115,HR_26
L,G2,HR_064,HR_028
L,G1,HR_90,HR_103
L,G1,HR_147,HR_21
L,G1,HR_108,HR_175
L,G2,HR_027,HR_145
L,G2,HR_195,HR_068
L,G1,HR_141,HR_44
L,G1,HR_200,HR_10
L,G2,HR_149,HR_065
L,G1,HR_149,HR_65
L,G2,HR_180,HR_036
L,G1,HR_53,HR_169
L,G2,HR_196,HR_054
L,G1,HR_34,HR_17
L,G1,HR_085,HR_107
L,G2,HR_088,HR_182
L,G2,HR_160,HR_033
L,G1,HR_002,HR_71
L,G2,HR_070,HR_165
L,G2,HR_085,HR_176
L,G1,HR_156,HR_193
L,G1,HR_59,HR_166
L,G1,HR_135,HR_152
L,G1,HR_74,HR_115
L,G2,HR_180,HR_023
L,G2,HR_088,HR_067
L,G1,HR_88,HR_67
L,G1,HR_168,HR_101
L,G2,HR_108,HR_175
L,G1,HR_157,HR_88
L,G1,HR_156,HR_193
L,G1,HR_34,HR_112
L,G2,HR_189,HR_018
L,G2,HR_005,HR_149
L,G2,HR_062,HR_134
L,G2,HR_115,HR_026
L,G1,HR_88,HR_67
L,G2,HR_156,HR_193
L,G2,HR_057,HR_006
L,G2,HR_131,HR_046
L,G1,HR_196,HR_170
L,G2,HR_156,HR_193
L,G1,HR_131,HR_49
L,G1,HR_125,HR_86
L,G1,HR_34,HR_17
L,G1,HR_175,HR_164
L,G2,HR_195,HR_104
L,G2,HR_064,HR_190
L,G2,HR_147,HR_021
L,G2,HR_195,HR_104
L,G1,HR_108,HR_175
L,G1,HR_5,HR_149
L,G2,HR_135,HR_083
L,G1,HR_175,HR_27
L,G1,HR_180,HR_179
L,G2,HR_110,HR_039
L,G1,HR_121,HR_139
L,G2,HR_157,HR_095
L,G2,HR_141,HR_015
L,G2,HR_064,HR_190
L,G2,HR_133,HR_161
L,G2,HR_155,HR_047
L,G2,HR_180,HR_179
L,G2,HR_164,HR_201
L,G1,HR_57,HR_147
L,G2,HR_062,HR_116
L,G1,HR_88,HR_14
L,G1,HR_57,HR_147
L,G2,HR_160,HR_173
L,G1,HR_59,HR_166
L,G1,HR_66,HR_78
L,G2,HR_195,HR_068
L,G2,HR_115,HR_026
L,G1,HR_5,HR_180
L,G2,HR_069,HR_108
L,G1,HR_95,HR_124
L,G1,HR_64,HR_19
L,G2,HR_064,HR_190
L,G1,HR_164,HR_41
L,G1,HR_57,HR_6
L,G1,HR_34,HR_17
L,G1,HR_147,HR_150
L,G2,HR_195,HR_181
L,G1,HR_149,HR_174
L,G2,HR_066,HR_137
L,G2,HR_155,HR_009
L,G1,HR_200,HR_159
L,G1,HR_8,HR_42
L,G2,HR_157,HR_088
L,G1,HR_6,HR_142
L,G2,HR_171,HR_001
L,G1,HR_168,HR_64
L,G2,HR_108,HR_177
L,G2,HR_171,HR_073
L,G2,HR_133,HR_158
L,G2,HR_005,HR_180
L,G2,HR_164,HR_201
L,G2,HR_006,HR_162
L,G1,HR_002,HR_56
L,G2,HR_057,HR_110
L,G2,HR_062,HR_134
L,G1,HR_148,HR_50
L,G1,HR_53,HR_38
L,G2,HR_085,HR_107
L,G1,HR_148,HR_50
L,G1,HR_149,HR_7
L,G1,HR_189,HR_18
L,G2,HR_155,HR_009
L,G2,HR_195,HR_181
L,G2,HR_135,HR_083
L,G1,HR_108,HR_16
L,G2,HR_074,HR_070
L,G1,HR_027,HR_43
L,G2,HR_034,HR_017
L,G2,HR_160,HR_079
L,G2,HR_157,HR_085
L,G2,HR_135,HR_004
L,G2,HR_095,HR_124
L,G2,HR_005,HR_180
L,G2,HR_147,HR_118
L,G1,HR_34,HR_112
L,G1,HR_002,HR_59
L,G2,HR_002,HR_071
L,G1,HR_141,HR_44
L,G1,HR_200,HR_153
L,G1,HR_121,HR_139
L,G1,HR_125,HR_34
L,G1,HR_90,HR_53
L,G2,HR_059,HR_011
L,G1,HR_196,HR_170
L,G2,HR_070,HR_061
L,G1,HR_160,HR_173
L,G2,HR_200,HR_159
L,G1,HR_160,HR_173
L,G1,HR_121,HR_141
L,G1,HR_57,HR_110
L,G2,HR_090,HR_103
L,G1,HR_59,HR_155
L,G1,HR_5,HR_40
L,G2,HR_100,HR_192
L,G2,HR_148,HR_109
L,G2,HR_069,HR_108
L,G1,HR_168,HR_101
L,G2,HR_095,HR_124
L,G1,HR_53,HR_92
L,G2,HR_147,HR_150
L,G1,HR_70,HR_61
L,G2,HR_196,HR_054
L,G1,HR_141,HR_184
L,G1,HR_171,HR_57
L,G2,HR_069,HR_133
L,G2,HR_057,HR_147
L,G2,HR_074,HR_115
L,G2,HR_121,HR_105
L,G2,HR_110,HR_032
L,G2,HR_189,HR_018
L,G1,HR_69,HR_108
L,G1,HR_34,HR_80
L,G2,HR_160,HR_173
L,G2,HR_115,HR_131
L,G2,HR_189,HR_051
L,G1,HR_027,HR_119
L,G2,HR_100,HR_135
L,G2,HR_090,HR_103
L,G2,HR_108,HR_177
L,G2,HR_070,HR_123
L,G2,HR_139,HR_129
L,G1,HR_155,HR_121
L,G1,HR_131,HR_49
L,G1,HR_027,HR_119
L,G2,HR_066,HR_087
L,G1,HR_115,HR_26
L,G1,HR_70,HR_61
L,G2,HR_135,HR_152
L,G2,HR_164,HR_041
L,G1,HR_110,HR_32
L,G2,HR_034,HR_112
L,G2,HR_090,HR_126
L,G2,HR_189,HR_051
L,G1,HR_148,HR_109
L,G2,HR_156,HR_197
L,G1,HR_74,HR_66
L,G2,HR_008,HR_012
L,G1,HR_108,HR_16
L,G1,HR_164,HR_201
L,G1,HR_69,HR_108
L,G1,HR_74,HR_66
L,G1,HR_133,HR_72
L,G2,HR_074,HR_070
L,G1,HR_141,HR_15
L,G2,HR_157,HR_085
L,G2,HR_088,HR_014
L,G2,HR_133,HR_161
L,G2,HR_196,HR_170
L,G1,HR_8,HR_58
L,G1,HR_149,HR_174
L,G2,HR_066,HR_087
L,G1,HR_135,HR_4
L,G1,HR_156,HR_25
L,G2,HR_108,HR_016
L,G1,HR_168,HR_148
L,G1,HR_195,HR_104
L,G2,HR_149,HR_065
L,G1,HR_66,HR_137
L,G2,HR_168,HR_064
L,G2,HR_168,HR_101
L,G2,HR_147,HR_021
L,G1,HR_171,HR_57
L,G2,HR_121,HR_139
L,G2,HR_074,HR_066
L,G2,HR_002,HR_056
L,G1,HR_95,HR_20
L,G2,HR_088,HR_067
L,G1,HR_155,HR_9
L,G2,HR_121,HR_139
L,G2,HR_088,HR_014
L,G1,HR_157,HR_95
L,G2,HR_100,HR_195
L,G2,HR_171,HR_073
L,G2,HR_100,HR_135
L,G1,HR_95,HR_178
L,G1,HR_62,HR_134
L,G2,HR_155,HR_047
L,G1,HR_74,HR_66
L,G1,HR_196,HR_170
L,G2,HR_085,HR_035
L,G1,HR_110,HR_39
L,G2,HR_147,HR_150
L,G1,HR_135,HR_4
L,G1,HR_141,HR_184
L,G1,HR_160,HR_33
L,G1,HR_139,HR_129
L,G2,HR_157,HR_095
L,G2,HR_057,HR_006
L,G1,HR_66,HR_87
L,G2,HR_115,HR_131
L,G2,HR_059,HR_011
L,G2,HR_131,HR_113
L,G2,HR_133,HR_161
L,G1,HR_88,HR_14
L,G1,HR_168,HR_101
L,G1,HR_131,HR_113
L,G2,HR_148,HR_114
L,G1,HR_189,HR_168
L,G2,HR_171,HR_057
L,G2,HR_002,HR_059
L,G2,HR_100,HR_195
L,G1,HR_53,HR_169
L,G2,HR_156,HR_197
L,G2,HR_149,HR_007
L,G2,HR_189,HR_018
L,G1,HR_66,HR_87
L,G2,HR_066,HR_078
L,G2,HR_002,HR_059
L,G1,HR_90,HR_103
L,G2,HR_059,HR_011
L,G1,HR_027,HR_145
L,G1,HR_148,HR_109
L,G1,HR_59,HR_11
L,G2,HR_088,HR_014
L,G1,HR_131,HR_46
L,G1,HR_131,HR_113
L,G2,HR_085,HR_176
L,G1,HR_160,HR_79
L,G2,HR_133,HR_158
L,G2,HR_002,HR_059
L,G1,HR_164,HR_5
L,G1,HR_34,HR_80
L,G1,HR_175,HR_196
L,G2,HR_157,HR_095
L,G1,HR_70,HR_165
L,G2,HR_108,HR_016
L,G2,HR_062,HR_116
L,G1,HR_125,HR_34
L,G1,HR_100,HR_135
L,G2,HR_005,HR_040
L,G2,HR_164,HR_041
L,G2,HR_155,HR_047
L,G2,HR_155,HR_121
L,G1,HR_085,HR_35
L,G2,HR_064,HR_019
L,G1,HR_135,HR_4
L,G1,HR_085,HR_35
L,G1,HR_70,HR_123
L,G1,HR_64,HR_190
L,G2,HR_110,HR_032
L,G2,HR_108,HR_175
L,G2,HR_053,HR_169
L,G2,HR_027,HR_119
L,G2,HR_057,HR_006
L,G2,HR_135,HR_152
L,G1,HR_085,HR_107
L,G2,HR_168,HR_064
L,G2,HR_095,HR_178
L,G2,HR_168,HR_101
L,G1,HR_139,HR_129
L,G1,HR_175,HR_27
L,G2,HR_157,HR_085
L,G1,HR_160,HR_33
L,G1,HR_64,HR_190
L,G1,HR_171,HR_1
L,G1,HR_74,HR_115
L,G2,HR_168,HR_148
L,G2,HR_085,HR_035
L,G2,HR_125,HR_034
L,G1,HR_156,HR_25
L,G2,HR_147,HR_021
L,G1,HR_110,HR_32
L,G2,HR_141,HR_015
L,G1,HR_168,HR_64
L,G2,HR_148,HR_114
L,G2,HR_090,HR_053
L,G1,HR_133,HR_161
L,G2,HR_074,HR_115
L,G2,HR_149,HR_174
L,G1,HR_69,HR_133
L,G2,HR_090,HR_103
L,G1,HR_180,HR_23
L,G1,HR_108,HR_16
L,G1,HR_175,HR_27
L,G1,HR_90,HR_126
L,G1,HR_196,HR_54
L,G1,HR_115,HR_131
L,G2,HR_034,HR_112
L,G2,HR_121,HR_141
L,G1,HR_148,HR_50
L,G1,HR_168,HR_148
L,G2,HR_006,HR_162
L,G2,HR_057,HR_147
L,G1,HR_62,HR_136
L,G2,HR_110,HR_037
L,G2,HR_070,HR_061
L,G2,HR_053,HR_169
L,G1,HR_164,HR_201
L,G1,HR_195,HR_181
L,G1,HR_168,HR_64
L,G2,HR_005,HR_180
L,G2,HR_053,HR_092
L,G1,HR_164,HR_41
L,G2,HR_164,HR_201
L,G1,HR_131,HR_49
L,G1,HR_8,HR_58
L,G2,HR_027,HR_043
L,G2,HR_059,HR_166
L,G1,HR_57,HR_6
R,G1,HR_200,HR_10
R,G2,HR_141,HR_044
R,G2,HR_069,HR_108
R,G2,HR_155,HR_121
R,G1,HR_62,HR_134
R,G2,HR_095,HR_124
R,G1,HR_180,HR_179
R,G1,HR_164,HR_5
R,G2,HR_175,HR_196
R,G2,HR_115,HR_111
R,G1,HR_157,HR_95
R,G1,HR_8,HR_42
R,G2,HR_115,HR_111
R,G1,HR_121,HR_105
R,G2,HR_085,HR_107
R,G2,HR_008,HR_012
R,G2,HR_148,HR_050
R,G1,HR_66,HR_137
R,G1,HR_66,HR_87
R,G2,HR_074,HR_070
R,G2,HR_070,HR_061
R,G1,HR_8,HR_58
R,G2,HR_110,HR_032
R,G2,HR_155,HR_121
R,G2,HR_095,HR_020
R,G2,HR_139,HR_062
R,G1,HR_74,HR_70
R,G2,HR_064,HR_028
R,G1,HR_115,HR_131
R,G2,HR_133,HR_072
R,G2,HR_059,HR_166
R,G1,HR_115,HR_111
R,G1,HR_95,HR_178
R,G1,HR_195,HR_68
R,G2,HR_139,HR_127
R,G2,HR_164,HR_005
R,G1,HR_57,HR_147
R,G2,HR_189,HR_168
R,G1,HR_133,HR_158
R,G1,HR_74,HR_115
R,G1,HR_160,HR_33
R,G1,HR_100,HR_135
R,G1,HR_62,HR_116
R,G1,HR_189,HR_18
R,G1,HR_002,HR_71
R,G2,HR_121,HR_139
R,G2,HR_090,HR_053
R,G1,HR_88,HR_182
R,G2,HR_115,HR_026
R,G1,HR_155,HR_9
R,G2,HR_180,HR_036
R,G2,HR_090,HR_126
R,G1,HR_59,HR_155
R,G2,HR_180,HR_179
R,G1,HR_200,HR_153
R,G1,HR_180,HR_36
R,G1,HR_189,HR_168
R,G2,HR_157,HR_088
R,G1,HR_085,HR_35
R,G2,HR_195,HR_104
R,G2,HR_064,HR_019
R,G2,HR_189,HR_168
R,G2,HR_195,HR_068
R,G1,HR_100,HR_195
R,G2,HR_088,HR_067
R,G2,HR_005,HR_040
R,G1,HR_200,HR_153
R,G2,HR_005,HR_149
R,G2,HR_141,HR_015
R,G1,HR_149,HR_174
R,G1,HR_108,HR_175
R,G1,HR_110,HR_37
R,G2,HR_088,HR_182
R,G1,HR_100,HR_195
R,G2,HR_171,HR_073
R,G1,HR_027,HR_145
R,G1,HR_6,HR_146
R,G1,HR_171,HR_73
R,G1,HR_027,HR_43
R,G2,HR_139,HR_062
R,G1,HR_53,HR_92
R,G2,HR_100,HR_195
R,G2,HR_160,HR_173
R,G2,HR_006,HR_142
R,G2,HR_008,HR_058
R,G2,HR_100,HR_192
R,G1,HR_69,HR_133
R,G1,HR_53,HR_38
R,G1,HR_160,HR_79
R,G1,HR_155,HR_121
R,G2,HR_008,HR_012
R,G1,HR_59,HR_11
R,G1,HR_002,HR_56
R,G2,HR_095,HR_020
R,G1,HR_147,HR_150
R,G2,HR_070,HR_165
R,G2,HR_139,HR_127
R,G1,HR_88,HR_67
R,G1,HR_70,HR_123
R,G2,HR_074,HR_066
R,G2,HR_175,HR_164
R,G2,HR_133,HR_158
R,G2,HR_069,HR_156
R,G2,HR_149,HR_065
R,G2,HR_027,HR_145
R,G1,HR_085,HR_176
R,G1,HR_164,HR_41
R,G2,HR_200,HR_153
R,G2,HR_059,HR_155
R,G2,HR_149,HR_174
R,G2,HR_200,HR_159
R,G2,HR_085,HR_107
R,G2,HR_090,HR_053
R,G2,HR_002,HR_071
R,G1,HR_90,HR_53
R,G1,HR_62,HR_116
R,G1,HR_57,HR_6
R,G1,HR_90,HR_103
R,G2,HR_164,HR_005
R,G2,HR_008,HR_042
R,G2,HR_160,HR_079
R,G2,HR_034,HR_112
R,G2,HR_180,HR_036
R,G1,HR_195,HR_104
R,G1,HR_175,HR_164
R,G1,HR_6,HR_162
R,G1,HR_131,HR_46
R,G1,HR_95,HR_20
R,G1,HR_110,HR_32
R,G2,HR_027,HR_119
R,G1,HR_110,HR_37
R,G2,HR_200,HR_153
R,G2,HR_180,HR_023
R,G1,HR_6,HR_142
R,G2,HR_090,HR_126
R,G2,HR_108,HR_177
R,G1,HR_70,HR_165
R,G2,HR_070,HR_123
R,G1,HR_141,HR_15
R,G2,HR_100,HR_135
R,G1,HR_141,HR_184
R,G1,HR_121,HR_141
R,G2,HR_006,HR_146
R,G2,HR_196,HR_183
R,G1,HR_133,HR_72
R,G2,HR_002,HR_056
R,G2,HR_066,HR_078
R,G1,HR_59,HR_166
R,G1,HR_131,HR_46
R,G1,HR_100,HR_192
R,G2,HR_196,HR_170
R,G1,HR_147,HR_118
R,G1,HR_139,HR_127
R,G2,HR_108,HR_016
R,G1,HR_100,HR_192
R,G1,HR_34,HR_112
R,G2,HR_027,HR_043
R,G1,HR_157,HR_88
R,G2,HR_110,HR_039
R,G1,HR_95,HR_124
R,G2,HR_110,HR_039
R,G2,HR_070,HR_123
R,G2,HR_175,HR_164
R,G1,HR_180,HR_23
R,G1,HR_195,HR_181
R,G2,HR_139,HR_062
R,G1,HR_8,HR_42
R,G1,HR_164,HR_5
R,G2,HR_160,HR_033
R,G1,HR_88,HR_182
R,G2,HR_074,HR_115
R,G2,HR_148,HR_114
R,G2,HR_131,HR_113
R,G1,HR_147,HR_21
R,G2,HR_005,HR_149
R,G2,HR_006,HR_142
R,G2,HR_156,HR_025
R,G1,HR_64,HR_28
R,G2,HR_195,HR_181
R,G1,HR_149,HR_65
R,G1,HR_175,HR_196
R,G1,HR_164,HR_201
R,G1,HR_6,HR_146
R,G2,HR_027,HR_145
R,G1,HR_66,HR_78
R,G1,HR_196,HR_54
R,G1,HR_90,HR_126
R,G1,HR_70,HR_61
R,G1,HR_64,HR_28
R,G1,HR_156,HR_197
R,G1,HR_171,HR_73
R,G2,HR_139,HR_127
R,G1,HR_160,HR_79
R,G1,HR_66,HR_137
R,G2,HR_171,HR_057
R,G1,HR_8,HR_12
R,G2,HR_008,HR_042
R,G1,HR_157,HR_85
R,G2,HR_008,HR_042
R,G2,HR_070,HR_165
R,G1,HR_180,HR_179
R,G1,HR_121,HR_141
R,G1,HR_110,HR_37
R,G2,HR_135,HR_004
R,G2,HR_141,HR_184
R,G2,HR_189,HR_168
R,G1,HR_5,HR_40
R,G2,HR_085,HR_035
R,G1,HR_148,HR_114
R,G2,HR_160,HR_033
R,G2,HR_139,HR_129
R,G1,HR_70,HR_165
R,G2,HR_027,HR_043
R,G1,HR_59,HR_155
R,G2,HR_148,HR_109
R,G2,HR_147,HR_150
R,G1,HR_189,HR_51
R,G2,HR_156,HR_193
R,G2,HR_171,HR_001
R,G1,HR_62,HR_134
R,G2,HR_064,HR_028
R,G2,HR_053,HR_038
R,G1,HR_70,HR_123
R,G1,HR_135,HR_83
R,G1,HR_133,HR_161
R,G1,HR_141,HR_15
R,G1,HR_139,HR_62
R,G1,HR_002,HR_56
R,G2,HR_034,HR_080
R,G2,HR_034,HR_017
R,G1,HR_189,HR_51
R,G1,HR_085,HR_107
R,G2,HR_125,HR_034
R,G1,HR_6,HR_142
R,G1,HR_57,HR_110
R,G1,HR_88,HR_182
R,G2,HR_147,HR_118
R,G2,HR_006,HR_162
R,G2,HR_175,HR_027
R,G2,HR_006,HR_142
R,G1,HR_195,HR_181
R,G2,HR_002,HR_071
R,G1,HR_6,HR_146
R,G2,HR_135,HR_004
R,G1,HR_002,HR_59
R,G2,HR_131,HR_049
R,G1,HR_100,HR_195
R,G2,HR_027,HR_119
R,G2,HR_110,HR_037
R,G1,HR_133,HR_72
R,G2,HR_095,HR_178
R,G1,HR_64,HR_190
R,G1,HR_139,HR_129
R,G2,HR_005,HR_040
R,G1,HR_62,HR_116
R,G2,HR_196,HR_183
R,G2,HR_171,HR_057
R,G2,HR_175,HR_196
R,G2,HR_133,HR_072
R,G1,HR_180,HR_36
R,G1,HR_085,HR_176
R,G2,HR_100,HR_192
R,G1,HR_125,HR_34
R,G1,HR_5,HR_180
R,G1,HR_156,HR_197
R,G2,HR_069,HR_133
R,G2,HR_069,HR_133
R,G1,HR_110,HR_39
R,G2,HR_157,HR_088
R,G1,HR_131,HR_113
R,G1,HR_196,HR_54
R,G1,HR_156,HR_25
R,G2,HR_059,HR_166
R,G1,HR_5,HR_149
R,G1,HR_115,HR_26
R,G1,HR_69,HR_133
R,G1,HR_53,HR_92
R,G1,HR_59,HR_11
R,G1,HR_34,HR_80
R,G2,HR_133,HR_072
R,G1,HR_108,HR_177
R,G1,HR_149,HR_7
R,G1,HR_57,HR_110
R,G1,HR_62,HR_136
R,G1,HR_88,HR_14
R,G1,HR_5,HR_180
R,G2,HR_008,HR_058
R,G2,HR_148,HR_050
R,G1,HR_175,HR_164
R,G1,HR_139,HR_127
R,G1,HR_168,HR_148
R,G1,HR_69,HR_156
R,G2,HR_066,HR_087
R,G2,HR_135,HR_083
R,G2,HR_057,HR_110
R,G1,HR_160,HR_173
R,G1,HR_135,HR_83
R,G2,HR_180,HR_023
R,G1,HR_085,HR_176
R,G2,HR_168,HR_148
R,G2,HR_131,HR_049
R,G2,HR_141,HR_184
R,G1,HR_133,HR_161
R,G1,HR_156,HR_193
R,G2,HR_156,HR_197
R,G1,HR_157,HR_88
R,G2,HR_149,HR_007
R,G2,HR_074,HR_066
R,G1,HR_195,HR_68
R,G1,HR_8,HR_12
R,G1,HR_5,HR_40
R,G1,HR_200,HR_159
R,G2,HR_139,HR_129
R,G1,HR_90,HR_53
R,G1,HR_196,HR_183
R,G2,HR_057,HR_147
R,G1,HR_171,HR_1
R,G1,HR_148,HR_114
R,G2,HR_059,HR_155
R,G1,HR_100,HR_192
R,G1,HR_171,HR_73
R,G1,HR_121,HR_105
R,G2,HR_131,HR_046
R,G2,HR_171,HR_001
R,G1,HR_200,HR_10
R,G2,HR_196,HR_183
R,G2,HR_066,HR_078
R,G1,HR_180,HR_23
R,G1,HR_189,HR_18
R,G1,HR_200,HR_159
R,G1,HR_66,HR_78
R,G1,HR_189,HR_168
R,G2,HR_196,HR_170
R,G2,HR_125,HR_086
R,G2,HR_160,HR_079
R,G1,HR_157,HR_85
R,G1,HR_195,HR_68
R,G1,HR_147,HR_118
R,G2,HR_069,HR_156
R,G2,HR_064,HR_019
R,G1,HR_5,HR_149
R,G2,HR_175,HR_027
R,G1,HR_133,HR_158
R,G2,HR_175,HR_164
R,G1,HR_74,HR_70
R,G2,HR_200,HR_153
R,G2,HR_002,HR_056
R,G1,HR_90,HR_126
R,G1,HR_95,HR_124
R,G1,HR_196,HR_183
R,G1,HR_115,HR_131
R,G2,HR_168,HR_064
R,G2,HR_115,HR_111
R,G1,HR_141,HR_44
R,G1,HR_139,HR_62
R,G2,HR_108,HR_175
R,G1,HR_135,HR_152
R,G2,HR_006,HR_146
R,G1,HR_135,HR_83
R,G1,HR_64,HR_28
R,G1,HR_95,HR_20
R,G2,HR_175,HR_196
R,G1,HR_64,HR_19
R,G2,HR_125,HR_086
R,G1,HR_110,HR_39
R,G1,HR_125,HR_86
R,G2,HR_034,HR_080
R,G1,HR_147,HR_118
R,G1,HR_155,HR_9
R,G2,HR_066,HR_137
R,G2,HR_121,HR_105
R,G1,HR_139,HR_62
R,G1,HR_121,HR_139
R,G2,HR_200,HR_159
R,G2,HR_053,HR_092
R,G2,HR_062,HR_116
R,G2,HR_053,HR_038
R,G1,HR_155,HR_121
R,G1,HR_147,HR_21
R,G2,HR_121,HR_141
R,G1,HR_125,HR_86
R,G2,HR_155,HR_009
R,G1,HR_139,HR_127
R,G2,HR_085,HR_176
R,G2,HR_062,HR_136
R,G1,HR_147,HR_150
R,G1,HR_171,HR_57
R,G2,HR_168,HR_148
R,G2,HR_131,HR_046
R,G2,HR_121,HR_141
R,G1,HR_027,HR_43
R,G2,HR_095,HR_020
R,G2,HR_148,HR_050
R,G2,HR_059,HR_155
R,G1,HR_8,HR_12
R,G1,HR_157,HR_85
R,G2,HR_034,HR_017
R,G2,HR_189,HR_051
R,G2,HR_115,HR_131
R,G2,HR_121,HR_105
R,G1,HR_148,HR_109
R,G1,HR_135,HR_152
R,G2,HR_053,HR_092
R,G2,HR_131,HR_113
R,G1,HR_108,HR_177
R,G1,HR_53,HR_38
