Sequence,Transect,SegPos,Gen,Donor,Recipient,Fit_plant
1,1,1L,G2,HR_175,HR_027,4
1,1,1R,G1,HR_200,HR_010,3
2,1,2L,G1,HR_189,HR_051,5
2,1,2R,G2,HR_141,HR_044,2
3,1,3L,G2,HR_095,HR_178,4
3,1,3R,G2,HR_069,HR_108,1
4,1,4L,G1,HR_180,HR_036,4
4,1,4R,G2,HR_155,HR_121,3
5,1,5L,G1,HR_006,HR_162,2
5,1,5R,G1,HR_062,HR_134,4
6,1,6L,G2,HR_164,HR_041,1
6,1,6R,G2,HR_095,HR_124,3
7,1,7L,G1,HR_006,HR_162,5
7,1,7R,G1,HR_180,HR_179,3
8,1,8L,G1,HR_175,HR_196,3
8,1,8R,G1,HR_164,HR_005,1
9,1,9L,G1,HR_157,HR_095,4
9,1,9R,G2,HR_175,HR_196,1
10,1,10L,G1,HR_064,HR_019,5
10,1,10R,G2,HR_115,HR_111,4
11,1,11L,G1,HR_155,HR_047,2
11,1,11R,G1,HR_157,HR_095,1
12,1,12L,G1,HR_115,HR_111,4
12,1,12R,G1,HR_008,HR_042,2
13,1,13L,G2,HR_125,HR_086,4
13,1,13R,G2,HR_115,HR_111,1
14,1,14L,G2,HR_149,HR_174,1
14,1,14R,G1,HR_121,HR_105,
15,1,15L,G2,HR_141,HR_044,3
15,1,15R,G2,HR_085,HR_107,2
16,1,16L,G1,HR_195,HR_104,1
16,1,16R,G2,HR_008,HR_012,4
17,1,17L,G2,HR_069,HR_156,3
17,1,17R,G2,HR_148,HR_050,2
18,1,18L,G1,HR_002,HR_071,5
18,1,18R,G1,HR_066,HR_137,4
19,1,19L,G2,HR_057,HR_110,5
19,1,19R,G1,HR_066,HR_087,1
20,1,20L,G1,HR_155,HR_047,1
20,1,20R,G2,HR_074,HR_070,3
21,1,21L,G1,HR_108,HR_177,2
21,1,21R,G2,HR_070,HR_061,3
22,1,22L,G1,HR_155,HR_047,3
22,1,22R,G1,HR_008,HR_058,4
23,1,23L,G2,HR_053,HR_169,5
23,1,23R,G2,HR_110,HR_032,5
24,1,24L,G2,HR_034,HR_080,
24,1,24R,G2,HR_155,HR_121,2
25,1,25L,G2,HR_147,HR_118,5
25,1,25R,G2,HR_095,HR_020,5
26,1,26L,G1,HR_100,HR_135,4
26,1,26R,G2,HR_139,HR_062,2
27,1,27L,G1,HR_115,HR_111,5
27,1,27R,G1,HR_074,HR_070,2
28,1,28L,G1,HR_196,HR_183,3
28,1,28R,G2,HR_064,HR_028,4
29,1,29L,G1,HR_062,HR_136,1
29,1,29R,G1,HR_115,HR_131,1
30,1,30L,G1,HR_027,HR_119,3
30,1,30R,G2,HR_133,HR_072,1
31,1,31L,G2,HR_141,HR_044,4
31,1,31R,G2,HR_059,HR_166,1
32,1,32L,G1,HR_133,HR_158,1
32,1,32R,G1,HR_115,HR_111,5
33,1,33L,G2,HR_180,HR_179,4
33,1,33R,G1,HR_095,HR_178,1
34,1,34L,G2,HR_066,HR_137,4
34,1,34R,G1,HR_195,HR_068,5
35,1,35L,G2,HR_164,HR_005,5
35,1,35R,G2,HR_139,HR_127,3
36,1,36L,G2,HR_053,HR_038,5
36,1,36R,G2,HR_164,HR_005,3
37,1,37L,G2,HR_148,HR_109,4
37,1,37R,G1,HR_057,HR_147,2
38,1,38L,G1,HR_156,HR_197,3
38,1,38R,G2,HR_189,HR_168,1
39,1,39L,G1,HR_069,HR_156,2
39,1,39R,G1,HR_133,HR_158,5
40,1,40L,G1,HR_149,HR_065,3
40,1,40R,G1,HR_074,HR_115,3
41,1,41L,G1,HR_074,HR_070,
41,1,41R,G1,HR_160,HR_033,2
42,1,42L,G2,HR_141,HR_184,4
42,1,42R,G1,HR_100,HR_135,4
43,1,43L,G1,HR_095,HR_178,4
43,1,43R,G1,HR_062,HR_116,4
44,1,44L,G2,HR_168,HR_101,3
44,1,44R,G1,HR_189,HR_018,5
45,1,45L,G2,HR_110,HR_037,2
45,1,45R,G1,HR_002,HR_071,4
46,2,1L,G1,HR_002,HR_059,3
46,2,1R,G2,HR_121,HR_139,5
47,2,2L,G1,HR_148,HR_114,5
47,2,2R,G2,HR_090,HR_053,3
48,2,3L,G2,HR_006,HR_146,1
48,2,3R,G1,HR_088,HR_182,1
49,2,4L,G1,HR_069,HR_156,2
49,2,4R,G2,HR_115,HR_026,3
50,2,5L,G2,HR_135,HR_152,2
50,2,5R,G1,HR_155,HR_009,3
51,2,6L,G2,HR_008,HR_058,5
51,2,6R,G2,HR_180,HR_036,4
52,2,7L,G1,HR_027,HR_145,1
52,2,7R,G2,HR_090,HR_126,4
53,2,8L,G2,HR_131,HR_049,2
53,2,8R,G1,HR_059,HR_155,3
54,2,9L,G1,HR_053,HR_169,4
54,2,9R,G2,HR_180,HR_179,3
55,2,10L,G1,HR_149,HR_007,3
55,2,10R,G1,HR_200,HR_153,2
56,2,11L,G2,HR_149,HR_007,5
56,2,11R,G1,HR_180,HR_036,5
57,2,12L,G1,HR_171,HR_001,3
57,2,12R,G1,HR_189,HR_168,1
58,2,13L,G2,HR_125,HR_034,1
58,2,13R,G2,HR_157,HR_088,3
59,2,14L,G1,HR_069,HR_108,5
59,2,14R,G1,HR_085,HR_035,4
60,2,15L,G1,HR_121,HR_105,2
60,2,15R,G2,HR_195,HR_104,2
61,2,16L,G1,HR_115,HR_026,1
61,2,16R,G2,HR_064,HR_019,3
62,2,17L,G2,HR_064,HR_028,2
62,2,17R,G2,HR_189,HR_168,4
63,2,18L,G1,HR_090,HR_103,5
63,2,18R,G2,HR_195,HR_068,4
64,2,19L,G1,HR_147,HR_021,3
64,2,19R,G1,HR_100,HR_195,4
65,2,20L,G1,HR_108,HR_175,4
65,2,20R,G2,HR_088,HR_067,3
66,2,21L,G2,HR_027,HR_145,2
66,2,21R,G2,HR_005,HR_040,3
67,2,22L,G2,HR_195,HR_068,4
67,2,22R,G1,HR_200,HR_153,5
68,2,23L,G1,HR_141,HR_044,5
68,2,23R,G2,HR_005,HR_149,1
69,2,24L,G1,HR_200,HR_010,3
69,2,24R,G2,HR_141,HR_015,1
70,2,25L,G2,HR_149,HR_065,4
70,2,25R,G1,HR_149,HR_174,5
71,2,26L,G1,HR_149,HR_065,2
71,2,26R,G1,HR_108,HR_175,1
72,2,27L,G2,HR_180,HR_036,4
72,2,27R,G1,HR_110,HR_037,3
73,2,28L,G1,HR_053,HR_169,1
73,2,28R,G2,HR_088,HR_182,1
74,2,29L,G2,HR_196,HR_054,5
74,2,29R,G1,HR_100,HR_195,5
75,2,30L,G1,HR_034,HR_017,4
75,2,30R,G2,HR_171,HR_073,4
76,2,31L,G1,HR_085,HR_107,5
76,2,31R,G1,HR_027,HR_145,2
77,2,32L,G2,HR_088,HR_182,1
77,2,32R,G1,HR_006,HR_146,1
78,2,33L,G2,HR_160,HR_033,2
78,2,33R,G1,HR_171,HR_073,2
79,2,34L,G1,HR_002,HR_071,1
79,2,34R,G1,HR_027,HR_043,3
80,2,35L,G2,HR_070,HR_165,2
80,2,35R,G2,HR_139,HR_062,2
81,2,36L,G2,HR_085,HR_176,5
81,2,36R,G1,HR_053,HR_092,1
82,2,37L,G1,HR_156,HR_193,2
82,2,37R,G2,HR_100,HR_195,4
83,2,38L,G1,HR_059,HR_166,2
83,2,38R,G2,HR_160,HR_173,1
84,2,39L,G1,HR_135,HR_152,4
84,2,39R,G2,HR_006,HR_142,5
85,2,40L,G1,HR_074,HR_115,4
85,2,40R,G2,HR_008,HR_058,2
86,2,41L,G2,HR_180,HR_023,4
86,2,41R,G2,HR_100,HR_192,5
87,2,42L,G2,HR_088,HR_067,4
87,2,42R,G1,HR_069,HR_133,4
88,2,43L,G1,HR_088,HR_067,5
88,2,43R,G1,HR_053,HR_038,4
89,2,44L,G1,HR_168,HR_101,1
89,2,44R,G1,HR_160,HR_079,2
90,2,45L,G2,HR_108,HR_175,1
90,2,45R,G1,HR_155,HR_121,3
91,3,1L,G1,HR_157,HR_088,1
91,3,1R,G2,HR_008,HR_012,1
92,3,2L,G1,HR_156,HR_193,1
92,3,2R,G1,HR_059,HR_011,1
93,3,3L,G1,HR_034,HR_112,2
93,3,3R,G1,HR_002,HR_056,1
94,3,4L,G2,HR_189,HR_018,2
94,3,4R,G2,HR_095,HR_020,3
95,3,5L,G2,HR_005,HR_149,4
95,3,5R,G1,HR_147,HR_150,3
96,3,6L,G2,HR_062,HR_134,2
96,3,6R,G2,HR_070,HR_165,5
97,3,7L,G2,HR_115,HR_026,1
97,3,7R,G2,HR_139,HR_127,
98,3,8L,G1,HR_088,HR_067,5
98,3,8R,G1,HR_088,HR_067,5
99,3,9L,G2,HR_156,HR_193,4
99,3,9R,G1,HR_070,HR_123,4
100,3,10L,G2,HR_057,HR_006,5
100,3,10R,G2,HR_074,HR_066,3
101,3,11L,G2,HR_131,HR_046,4
101,3,11R,G2,HR_175,HR_164,3
102,3,12L,G1,HR_196,HR_170,5
102,3,12R,G2,HR_133,HR_158,2
103,3,13L,G2,HR_156,HR_193,5
103,3,13R,G2,HR_069,HR_156,5
104,3,14L,G1,HR_131,HR_049,1
104,3,14R,G2,HR_149,HR_065,5
105,3,15L,G1,HR_125,HR_086,
105,3,15R,G2,HR_027,HR_145,4
106,3,16L,G1,HR_034,HR_017,3
106,3,16R,G1,HR_085,HR_176,1
107,3,17L,G1,HR_175,HR_164,5
107,3,17R,G1,HR_164,HR_041,1
108,3,18L,G2,HR_195,HR_104,1
108,3,18R,G2,HR_200,HR_153,2
109,3,19L,G2,HR_064,HR_190,3
109,3,19R,G2,HR_059,HR_155,4
110,3,20L,G2,HR_147,HR_021,2
110,3,20R,G2,HR_149,HR_174,5
111,3,21L,G2,HR_195,HR_104,
111,3,21R,G2,HR_200,HR_159,2
112,3,22L,G1,HR_108,HR_175,1
112,3,22R,G2,HR_085,HR_107,1
113,3,23L,G1,HR_005,HR_149,
113,3,23R,G2,HR_090,HR_053,1
114,3,24L,G2,HR_135,HR_083,4
114,3,24R,G2,HR_002,HR_071,2
115,3,25L,G1,HR_175,HR_027,4
115,3,25R,G1,HR_090,HR_053,4
116,3,26L,G1,HR_180,HR_179,2
116,3,26R,G1,HR_062,HR_116,5
117,3,27L,G2,HR_110,HR_039,4
117,3,27R,G1,HR_057,HR_006,5
118,3,28L,G1,HR_121,HR_139,3
118,3,28R,G1,HR_090,HR_103,4
119,3,29L,G2,HR_157,HR_095,3
119,3,29R,G2,HR_164,HR_005,3
120,3,30L,G2,HR_141,HR_015,4
120,3,30R,G2,HR_008,HR_042,2
121,3,31L,G2,HR_064,HR_190,3
121,3,31R,G2,HR_160,HR_079,1
122,3,32L,G2,HR_133,HR_161,5
122,3,32R,G2,HR_034,HR_112,3
123,3,33L,G2,HR_155,HR_047,5
123,3,33R,G2,HR_180,HR_036,2
124,3,34L,G2,HR_180,HR_179,3
124,3,34R,G1,HR_195,HR_104,5
125,3,35L,G2,HR_164,HR_201,1
125,3,35R,G1,HR_175,HR_164,2
126,3,36L,G1,HR_057,HR_147,1
126,3,36R,G1,HR_006,HR_162,1
127,3,37L,G2,HR_062,HR_116,3
127,3,37R,G1,HR_131,HR_046,3
128,3,38L,G1,HR_088,HR_014,5
128,3,38R,G1,HR_095,HR_020,3
129,3,39L,G1,HR_057,HR_147,5
129,3,39R,G1,HR_110,HR_032,2
130,3,40L,G2,HR_160,HR_173,1
130,3,40R,G2,HR_027,HR_119,4
131,3,41L,G1,HR_059,HR_166,5
131,3,41R,G1,HR_110,HR_037,5
132,3,42L,G1,HR_066,HR_078,2
132,3,42R,G2,HR_200,HR_153,3
133,3,43L,G2,HR_195,HR_068,1
133,3,43R,G2,HR_180,HR_023,3
134,3,44L,G2,HR_115,HR_026,4
134,3,44R,G1,HR_006,HR_142,1
135,3,45L,G1,HR_005,HR_180,
135,3,45R,G2,HR_090,HR_126,5
136,4,1L,G2,HR_069,HR_108,5
136,4,1R,G2,HR_108,HR_177,2
137,4,2L,G1,HR_095,HR_124,1
137,4,2R,G1,HR_070,HR_165,2
138,4,3L,G1,HR_064,HR_019,4
138,4,3R,G2,HR_070,HR_123,5
139,4,4L,G2,HR_064,HR_190,4
139,4,4R,G1,HR_141,HR_015,5
140,4,5L,G1,HR_164,HR_041,3
140,4,5R,G2,HR_100,HR_135,4
141,4,6L,G1,HR_057,HR_006,1
141,4,6R,G1,HR_141,HR_184,3
142,4,7L,G1,HR_034,HR_017,3
142,4,7R,G1,HR_121,HR_141,4
143,4,8L,G1,HR_147,HR_150,1
143,4,8R,G2,HR_006,HR_146,3
144,4,9L,G2,HR_195,HR_181,5
144,4,9R,G2,HR_196,HR_183,3
145,4,10L,G1,HR_149,HR_174,4
145,4,10R,G1,HR_133,HR_072,4
146,4,11L,G2,HR_066,HR_137,2
146,4,11R,G2,HR_002,HR_056,3
147,4,12L,G2,HR_155,HR_009,1
147,4,12R,G2,HR_066,HR_078,3
148,4,13L,G1,HR_200,HR_159,1
148,4,13R,G1,HR_059,HR_166,1
149,4,14L,G1,HR_008,HR_042,5
149,4,14R,G1,HR_131,HR_046,3
150,4,15L,G2,HR_157,HR_088,1
150,4,15R,G1,HR_100,HR_192,1
151,4,16L,G1,HR_006,HR_142,
151,4,16R,G2,HR_196,HR_170,5
152,4,17L,G2,HR_171,HR_001,1
152,4,17R,G1,HR_147,HR_118,5
153,4,18L,G1,HR_168,HR_064,3
153,4,18R,G1,HR_139,HR_127,3
154,4,19L,G2,HR_108,HR_177,5
154,4,19R,G2,HR_108,HR_016,5
155,4,20L,G2,HR_171,HR_073,4
155,4,20R,G1,HR_100,HR_192,3
156,4,21L,G2,HR_133,HR_158,2
156,4,21R,G1,HR_034,HR_112,2
157,4,22L,G2,HR_005,HR_180,4
157,4,22R,G2,HR_027,HR_043,1
158,4,23L,G2,HR_164,HR_201,3
158,4,23R,G1,HR_157,HR_088,3
159,4,24L,G2,HR_006,HR_162,3
159,4,24R,G2,HR_110,HR_039,2
160,4,25L,G1,HR_002,HR_056,1
160,4,25R,G1,HR_095,HR_124,2
161,4,26L,G2,HR_057,HR_110,1
161,4,26R,G2,HR_110,HR_039,3
162,4,27L,G2,HR_062,HR_134,3
162,4,27R,G2,HR_070,HR_123,3
163,4,28L,G1,HR_148,HR_050,3
163,4,28R,G2,HR_175,HR_164,3
164,4,29L,G1,HR_053,HR_038,5
164,4,29R,G1,HR_180,HR_023,3
165,4,30L,G2,HR_085,HR_107,3
165,4,30R,G1,HR_195,HR_181,3
166,4,31L,G1,HR_148,HR_050,4
166,4,31R,G2,HR_139,HR_062,4
167,4,32L,G1,HR_149,HR_007,1
167,4,32R,G1,HR_008,HR_042,3
168,4,33L,G1,HR_189,HR_018,2
168,4,33R,G1,HR_164,HR_005,4
169,4,34L,G2,HR_155,HR_009,5
169,4,34R,G2,HR_160,HR_033,4
170,4,35L,G2,HR_195,HR_181,1
170,4,35R,G1,HR_088,HR_182,1
171,4,36L,G2,HR_135,HR_083,1
171,4,36R,G2,HR_074,HR_115,4
172,4,37L,G1,HR_108,HR_016,5
172,4,37R,G2,HR_148,HR_114,4
173,4,38L,G2,HR_074,HR_070,2
173,4,38R,G2,HR_131,HR_113,3
174,4,39L,G1,HR_027,HR_043,1
174,4,39R,G1,HR_147,HR_021,4
175,4,40L,G2,HR_034,HR_017,5
175,4,40R,G2,HR_005,HR_149,4
176,4,41L,G2,HR_160,HR_079,5
176,4,41R,G2,HR_006,HR_142,2
177,4,42L,G2,HR_157,HR_085,4
177,4,42R,G2,HR_156,HR_025,2
178,4,43L,G2,HR_135,HR_004,3
178,4,43R,G1,HR_064,HR_028,5
179,4,44L,G2,HR_095,HR_124,4
179,4,44R,G2,HR_195,HR_181,1
180,4,45L,G2,HR_005,HR_180,5
180,4,45R,G1,HR_149,HR_065,2
181,5,1L,G2,HR_147,HR_118,3
181,5,1R,G1,HR_175,HR_196,5
182,5,2L,G1,HR_034,HR_112,4
182,5,2R,G1,HR_164,HR_201,3
183,5,3L,G1,HR_002,HR_059,1
183,5,3R,G1,HR_006,HR_146,5
184,5,4L,G2,HR_002,HR_071,2
184,5,4R,G2,HR_027,HR_145,4
185,5,5L,G1,HR_141,HR_044,3
185,5,5R,G1,HR_066,HR_078,1
186,5,6L,G1,HR_200,HR_153,4
186,5,6R,G1,HR_196,HR_054,2
187,5,7L,G1,HR_121,HR_139,1
187,5,7R,G1,HR_090,HR_126,4
188,5,8L,G1,HR_125,HR_034,
188,5,8R,G1,HR_070,HR_061,1
189,5,9L,G1,HR_090,HR_053,2
189,5,9R,G1,HR_064,HR_028,3
190,5,10L,G2,HR_059,HR_011,5
190,5,10R,G1,HR_156,HR_197,3
191,5,11L,G1,HR_196,HR_170,1
191,5,11R,G1,HR_171,HR_073,2
192,5,12L,G2,HR_070,HR_061,5
192,5,12R,G2,HR_139,HR_127,
193,5,13L,G1,HR_160,HR_173,5
193,5,13R,G1,HR_160,HR_079,5
194,5,14L,G2,HR_200,HR_159,3
194,5,14R,G1,HR_066,HR_137,1
195,5,15L,G1,HR_160,HR_173,5
195,5,15R,G2,HR_171,HR_057,3
196,5,16L,G1,HR_121,HR_141,1
196,5,16R,G1,HR_008,HR_012,3
197,5,17L,G1,HR_057,HR_110,5
197,5,17R,G2,HR_008,HR_042,1
198,5,18L,G2,HR_090,HR_103,1
198,5,18R,G1,HR_157,HR_085,5
199,5,19L,G1,HR_059,HR_155,4
199,5,19R,G2,HR_008,HR_042,5
200,5,20L,G1,HR_005,HR_040,2
200,5,20R,G2,HR_070,HR_165,4
201,5,21L,G2,HR_100,HR_192,3
201,5,21R,G1,HR_180,HR_179,4
202,5,22L,G2,HR_148,HR_109,1
202,5,22R,G1,HR_121,HR_141,3
203,5,23L,G2,HR_069,HR_108,1
203,5,23R,G1,HR_110,HR_037,4
204,5,24L,G1,HR_168,HR_101,5
204,5,24R,G2,HR_135,HR_004,5
205,5,25L,G2,HR_095,HR_124,3
205,5,25R,G2,HR_141,HR_184,4
206,5,26L,G1,HR_053,HR_092,5
206,5,26R,G2,HR_189,HR_168,3
207,5,27L,G2,HR_147,HR_150,1
207,5,27R,G1,HR_005,HR_040,2
208,5,28L,G1,HR_070,HR_061,
208,5,28R,G2,HR_085,HR_035,2
209,5,29L,G2,HR_196,HR_054,5
209,5,29R,G1,HR_148,HR_114,1
210,5,30L,G1,HR_141,HR_184,2
210,5,30R,G2,HR_160,HR_033,1
211,5,31L,G1,HR_171,HR_057,1
211,5,31R,G2,HR_139,HR_129,4
212,5,32L,G2,HR_069,HR_133,4
212,5,32R,G1,HR_070,HR_165,4
213,5,33L,G2,HR_057,HR_147,1
213,5,33R,G2,HR_027,HR_043,1
214,5,34L,G2,HR_074,HR_115,2
214,5,34R,G1,HR_059,HR_155,4
215,5,35L,G2,HR_121,HR_105,3
215,5,35R,G2,HR_148,HR_109,5
216,5,36L,G2,HR_110,HR_032,4
216,5,36R,G2,HR_147,HR_150,1
217,5,37L,G2,HR_189,HR_018,3
217,5,37R,G1,HR_189,HR_051,4
218,5,38L,G1,HR_069,HR_108,3
218,5,38R,G2,HR_156,HR_193,3
219,5,39L,G1,HR_034,HR_080,3
219,5,39R,G2,HR_171,HR_001,5
220,5,40L,G2,HR_160,HR_173,4
220,5,40R,G1,HR_062,HR_134,3
221,5,41L,G2,HR_115,HR_131,5
221,5,41R,G2,HR_064,HR_028,1
222,5,42L,G2,HR_189,HR_051,5
222,5,42R,G2,HR_053,HR_038,3
223,5,43L,G1,HR_027,HR_119,3
223,5,43R,G1,HR_070,HR_123,3
224,5,44L,G2,HR_100,HR_135,5
224,5,44R,G1,HR_135,HR_083,1
225,5,45L,G2,HR_090,HR_103,2
225,5,45R,G1,HR_133,HR_161,1
226,6,1L,G2,HR_108,HR_177,4
226,6,1R,G1,HR_141,HR_015,4
227,6,2L,G2,HR_070,HR_123,5
227,6,2R,G1,HR_139,HR_062,4
228,6,3L,G2,HR_139,HR_129,5
228,6,3R,G1,HR_002,HR_056,3
229,6,4L,G1,HR_155,HR_121,5
229,6,4R,G2,HR_034,HR_080,1
230,6,5L,G1,HR_131,HR_049,4
230,6,5R,G2,HR_034,HR_017,5
231,6,6L,G1,HR_027,HR_119,4
231,6,6R,G1,HR_189,HR_051,4
232,6,7L,G2,HR_066,HR_087,5
232,6,7R,G1,HR_085,HR_107,1
233,6,8L,G1,HR_115,HR_026,5
233,6,8R,G2,HR_125,HR_034,1
234,6,9L,G1,HR_070,HR_061,5
234,6,9R,G1,HR_006,HR_142,1
235,6,10L,G2,HR_135,HR_152,1
235,6,10R,G1,HR_057,HR_110,1
236,6,11L,G2,HR_164,HR_041,4
236,6,11R,G1,HR_088,HR_182,3
237,6,12L,G1,HR_110,HR_032,1
237,6,12R,G2,HR_147,HR_118,2
238,6,13L,G2,HR_034,HR_112,2
238,6,13R,G2,HR_006,HR_162,
239,6,14L,G2,HR_090,HR_126,4
239,6,14R,G2,HR_175,HR_027,2
240,6,15L,G2,HR_189,HR_051,4
240,6,15R,G2,HR_006,HR_142,1
241,6,16L,G1,HR_148,HR_109,5
241,6,16R,G1,HR_195,HR_181,2
242,6,17L,G2,HR_156,HR_197,3
242,6,17R,G2,HR_002,HR_071,4
243,6,18L,G1,HR_074,HR_066,1
243,6,18R,G1,HR_006,HR_146,5
244,6,19L,G2,HR_008,HR_012,3
244,6,19R,G2,HR_135,HR_004,4
245,6,20L,G1,HR_108,HR_016,2
245,6,20R,G1,HR_002,HR_059,4
246,6,21L,G1,HR_164,HR_201,4
246,6,21R,G2,HR_131,HR_049,3
247,6,22L,G1,HR_069,HR_108,5
247,6,22R,G1,HR_100,HR_195,1
248,6,23L,G1,HR_074,HR_066,2
248,6,23R,G2,HR_027,HR_119,5
249,6,24L,G1,HR_133,HR_072,4
249,6,24R,G2,HR_110,HR_037,2
250,6,25L,G2,HR_074,HR_070,2
250,6,25R,G1,HR_133,HR_072,3
251,6,26L,G1,HR_141,HR_015,3
251,6,26R,G2,HR_095,HR_178,4
252,6,27L,G2,HR_157,HR_085,5
252,6,27R,G1,HR_064,HR_190,1
253,6,28L,G2,HR_088,HR_014,1
253,6,28R,G1,HR_139,HR_129,5
254,6,29L,G2,HR_133,HR_161,4
254,6,29R,G2,HR_005,HR_040,2
255,6,30L,G2,HR_196,HR_170,5
255,6,30R,G1,HR_062,HR_116,3
256,6,31L,G1,HR_008,HR_058,4
256,6,31R,G2,HR_196,HR_183,1
257,6,32L,G1,HR_149,HR_174,2
257,6,32R,G2,HR_171,HR_057,2
258,6,33L,G2,HR_066,HR_087,4
258,6,33R,G2,HR_175,HR_196,5
259,6,34L,G1,HR_135,HR_004,3
259,6,34R,G2,HR_133,HR_072,1
260,6,35L,G1,HR_156,HR_025,5
260,6,35R,G1,HR_180,HR_036,2
261,6,36L,G2,HR_108,HR_016,2
261,6,36R,G1,HR_085,HR_176,5
262,6,37L,G1,HR_168,HR_148,1
262,6,37R,G2,HR_100,HR_192,4
263,6,38L,G1,HR_195,HR_104,2
263,6,38R,G1,HR_125,HR_034,5
264,6,39L,G2,HR_149,HR_065,3
264,6,39R,G1,HR_005,HR_180,4
265,6,40L,G1,HR_066,HR_137,3
265,6,40R,G1,HR_156,HR_197,4
266,6,41L,G2,HR_168,HR_064,1
266,6,41R,G2,HR_069,HR_133,1
267,6,42L,G2,HR_168,HR_101,1
267,6,42R,G2,HR_069,HR_133,2
268,6,43L,G2,HR_147,HR_021,1
268,6,43R,G1,HR_110,HR_039,1
269,6,44L,G1,HR_171,HR_057,3
269,6,44R,G2,HR_157,HR_088,3
270,6,45L,G2,HR_121,HR_139,4
270,6,45R,G1,HR_131,HR_113,1
271,7,3L,G2,HR_074,HR_066,2
271,7,3R,G1,HR_196,HR_054,2
272,7,4L,G2,HR_002,HR_056,5
272,7,4R,G1,HR_156,HR_025,2
273,7,5L,G1,HR_095,HR_020,4
273,7,5R,G2,HR_059,HR_166,5
274,7,1L,G2,HR_088,HR_067,3
274,7,1R,G1,HR_005,HR_149,1
275,7,2L,G1,HR_155,HR_009,3
275,7,2R,G1,HR_115,HR_026,2
276,7,7L,G2,HR_121,HR_139,3
276,7,7R,G1,HR_069,HR_133,4
277,7,8L,G2,HR_088,HR_014,3
277,7,8R,G1,HR_053,HR_092,4
278,7,9L,G1,HR_157,HR_095,2
278,7,9R,G1,HR_059,HR_011,4
279,7,10L,G2,HR_100,HR_195,2
279,7,10R,G1,HR_034,HR_080,4
280,7,11L,G2,HR_171,HR_073,5
280,7,11R,G2,HR_133,HR_072,2
281,7,12L,G2,HR_100,HR_135,4
281,7,12R,G1,HR_108,HR_177,2
282,7,13L,G1,HR_095,HR_178,1
282,7,13R,G1,HR_149,HR_007,2
283,7,14L,G1,HR_062,HR_134,4
283,7,14R,G1,HR_057,HR_110,5
284,7,15L,G2,HR_155,HR_047,5
284,7,15R,G1,HR_062,HR_136,2
285,7,16L,G1,HR_074,HR_066,
285,7,16R,G1,HR_088,HR_014,3
286,7,17L,G1,HR_196,HR_170,2
286,7,17R,G1,HR_005,HR_180,
287,7,18L,G2,HR_085,HR_035,1
287,7,18R,G2,HR_008,HR_058,
288,7,19L,G1,HR_110,HR_039,3
288,7,19R,G2,HR_148,HR_050,1
289,7,20L,G2,HR_147,HR_150,4
289,7,20R,G1,HR_175,HR_164,
290,7,21L,G1,HR_135,HR_004,
290,7,21R,G1,HR_139,HR_127,5
291,7,22L,G1,HR_141,HR_184,2
291,7,22R,G1,HR_168,HR_148,2
292,7,23L,G1,HR_160,HR_033,4
292,7,23R,G1,HR_069,HR_156,4
293,7,24L,G1,HR_139,HR_129,2
293,7,24R,G2,HR_066,HR_087,5
294,7,6L,G2,HR_157,HR_095,5
294,7,6R,G2,HR_135,HR_083,1
295,7,25L,G2,HR_057,HR_006,5
295,7,25R,G2,HR_057,HR_110,2
296,7,26L,G1,HR_066,HR_087,5
296,7,26R,G1,HR_160,HR_173,1
297,7,27L,G2,HR_115,HR_131,5
297,7,27R,G1,HR_135,HR_083,5
298,7,28L,G2,HR_059,HR_011,1
298,7,28R,G2,HR_180,HR_023,1
299,7,29L,G2,HR_131,HR_113,5
299,7,29R,G1,HR_085,HR_176,3
300,7,30L,G2,HR_133,HR_161,5
300,7,30R,G2,HR_168,HR_148,5
301,7,31L,G1,HR_088,HR_014,5
301,7,31R,G2,HR_131,HR_049,2
302,7,32L,G1,HR_168,HR_101,1
302,7,32R,G2,HR_141,HR_184,1
303,7,33L,G1,HR_131,HR_113,5
303,7,33R,G1,HR_133,HR_161,2
304,7,34L,G2,HR_148,HR_114,1
304,7,34R,G1,HR_156,HR_193,4
305,7,35L,G1,HR_189,HR_168,1
305,7,35R,G2,HR_156,HR_197,5
306,7,36L,G2,HR_171,HR_057,2
306,7,36R,G1,HR_157,HR_088,3
307,7,37L,G2,HR_002,HR_059,2
307,7,37R,G2,HR_149,HR_007,
308,7,38L,G2,HR_100,HR_195,2
308,7,38R,G2,HR_074,HR_066,4
309,7,39L,G1,HR_053,HR_169,2
309,7,39R,G1,HR_195,HR_068,2
310,7,40L,G2,HR_156,HR_197,4
310,7,40R,G1,HR_008,HR_012,3
311,7,41L,G2,HR_149,HR_007,4
311,7,41R,G1,HR_005,HR_040,2
312,7,42L,G2,HR_189,HR_018,3
312,7,42R,G1,HR_200,HR_159,2
313,7,43L,G1,HR_066,HR_087,4
313,7,43R,G2,HR_139,HR_129,2
314,7,44L,G2,HR_066,HR_078,
314,7,44R,G1,HR_090,HR_053,1
315,7,45L,G2,HR_002,HR_059,4
315,7,45R,G1,HR_196,HR_183,1
316,8,1L,G1,HR_090,HR_103,5
316,8,1R,G2,HR_057,HR_147,2
317,8,2L,G2,HR_059,HR_011,1
317,8,2R,G1,HR_171,HR_001,2
318,8,3L,G1,HR_027,HR_145,2
318,8,3R,G1,HR_148,HR_114,4
319,8,4L,G1,HR_148,HR_109,1
319,8,4R,G2,HR_059,HR_155,4
320,8,5L,G1,HR_059,HR_011,3
320,8,5R,G1,HR_100,HR_192,
321,8,6L,G2,HR_088,HR_014,1
321,8,6R,G1,HR_171,HR_073,5
322,8,7L,G1,HR_131,HR_046,1
322,8,7R,G1,HR_121,HR_105,4
323,8,8L,G1,HR_131,HR_113,3
323,8,8R,G2,HR_131,HR_046,3
324,8,9L,G2,HR_085,HR_176,4
324,8,9R,G2,HR_171,HR_001,4
325,8,10L,G1,HR_160,HR_079,4
325,8,10R,G1,HR_200,HR_010,5
326,8,11L,G2,HR_133,HR_158,5
326,8,11R,G2,HR_196,HR_183,5
327,8,12L,G2,HR_002,HR_059,3
327,8,12R,G2,HR_066,HR_078,3
328,8,13L,G1,HR_164,HR_005,4
328,8,13R,G1,HR_180,HR_023,3
329,8,14L,G1,HR_034,HR_080,4
329,8,14R,G1,HR_189,HR_018,3
330,8,15L,G1,HR_175,HR_196,1
330,8,15R,G1,HR_200,HR_159,4
331,8,16L,G2,HR_157,HR_095,2
331,8,16R,G1,HR_066,HR_078,1
332,8,17L,G1,HR_070,HR_165,5
332,8,17R,G1,HR_189,HR_168,1
333,8,18L,G2,HR_108,HR_016,1
333,8,18R,G2,HR_196,HR_170,4
334,8,19L,G2,HR_062,HR_116,5
334,8,19R,G2,HR_125,HR_086,2
335,8,20L,G1,HR_125,HR_034,
335,8,20R,G2,HR_160,HR_079,3
336,8,21L,G1,HR_100,HR_135,
336,8,21R,G1,HR_157,HR_085,3
337,8,22L,G2,HR_005,HR_040,3
337,8,22R,G1,HR_195,HR_068,2
338,8,23L,G2,HR_164,HR_041,1
338,8,23R,G1,HR_147,HR_118,2
339,8,24L,G2,HR_155,HR_047,4
339,8,24R,G2,HR_069,HR_156,5
340,8,25L,G2,HR_155,HR_121,1
340,8,25R,G2,HR_064,HR_019,1
341,8,26L,G1,HR_085,HR_035,2
341,8,26R,G1,HR_005,HR_149,3
342,8,27L,G2,HR_064,HR_019,3
342,8,27R,G2,HR_175,HR_027,1
343,8,28L,G1,HR_135,HR_004,2
343,8,28R,G1,HR_133,HR_158,
344,8,29L,G1,HR_085,HR_035,5
344,8,29R,G2,HR_175,HR_164,2
345,8,30L,G1,HR_070,HR_123,5
345,8,30R,G1,HR_074,HR_070,2
346,8,31L,G1,HR_064,HR_190,5
346,8,31R,G2,HR_200,HR_153,1
347,8,32L,G2,HR_110,HR_032,2
347,8,32R,G2,HR_002,HR_056,4
348,8,33L,G2,HR_108,HR_175,2
348,8,33R,G1,HR_090,HR_126,2
349,8,34L,G2,HR_053,HR_169,1
349,8,34R,G1,HR_095,HR_124,5
350,8,35L,G2,HR_027,HR_119,
350,8,35R,G1,HR_196,HR_183,3
351,8,36L,G2,HR_057,HR_006,1
351,8,36R,G1,HR_115,HR_131,2
352,8,37L,G2,HR_135,HR_152,5
352,8,37R,G2,HR_168,HR_064,4
353,8,38L,G1,HR_085,HR_107,3
353,8,38R,G2,HR_115,HR_111,1
354,8,39L,G2,HR_168,HR_064,5
354,8,39R,G1,HR_141,HR_044,2
355,8,40L,G2,HR_095,HR_178,3
355,8,40R,G1,HR_139,HR_062,5
356,8,41L,G2,HR_168,HR_101,4
356,8,41R,G2,HR_108,HR_175,5
357,8,42L,G1,HR_139,HR_129,2
357,8,42R,G1,HR_135,HR_152,5
358,8,43L,G1,HR_175,HR_027,4
358,8,43R,G2,HR_006,HR_146,4
359,8,44L,G2,HR_157,HR_085,4
359,8,44R,G1,HR_135,HR_083,1
360,8,45L,G1,HR_160,HR_033,1
360,8,45R,G1,HR_064,HR_028,2
361,9,1L,G1,HR_064,HR_190,2
361,9,1R,G1,HR_095,HR_020,3
362,9,2L,G1,HR_171,HR_001,3
362,9,2R,G2,HR_175,HR_196,2
363,9,3L,G1,HR_074,HR_115,
363,9,3R,G1,HR_064,HR_019,2
364,9,4L,G2,HR_168,HR_148,5
364,9,4R,G2,HR_125,HR_086,1
365,9,5L,G2,HR_085,HR_035,3
365,9,5R,G1,HR_110,HR_039,4
366,9,6L,G2,HR_125,HR_034,5
366,9,6R,G1,HR_125,HR_086,
367,9,7L,G1,HR_156,HR_025,3
367,9,7R,G2,HR_034,HR_080,2
368,9,8L,G2,HR_147,HR_021,1
368,9,8R,G1,HR_147,HR_118,3
369,9,9L,G1,HR_110,HR_032,5
369,9,9R,G1,HR_155,HR_009,4
370,9,10L,G2,HR_141,HR_015,5
370,9,10R,G2,HR_066,HR_137,1
371,9,11L,G1,HR_168,HR_064,4
371,9,11R,G2,HR_121,HR_105,5
372,9,12L,G2,HR_148,HR_114,2
372,9,12R,G1,HR_139,HR_062,
373,9,13L,G2,HR_090,HR_053,1
373,9,13R,G1,HR_121,HR_139,3
374,9,14L,G1,HR_133,HR_161,1
374,9,14R,G2,HR_200,HR_159,4
375,9,15L,G2,HR_074,HR_115,5
375,9,15R,G2,HR_053,HR_092,4
376,9,16L,G2,HR_149,HR_174,4
376,9,16R,G2,HR_062,HR_116,2
377,9,17L,G1,HR_069,HR_133,4
377,9,17R,G2,HR_053,HR_038,1
378,9,18L,G2,HR_090,HR_103,3
378,9,18R,G1,HR_155,HR_121,1
379,9,19L,G1,HR_180,HR_023,3
379,9,19R,G1,HR_147,HR_021,3
380,9,20L,G1,HR_108,HR_016,3
380,9,20R,G2,HR_121,HR_141,4
381,9,21L,G1,HR_175,HR_027,1
381,9,21R,G1,HR_125,HR_086,2
382,9,22L,G1,HR_090,HR_126,3
382,9,22R,G2,HR_155,HR_009,4
383,9,23L,G1,HR_196,HR_054,1
383,9,23R,G1,HR_139,HR_127,4
384,9,24L,G1,HR_115,HR_131,1
384,9,24R,G2,HR_085,HR_176,4
385,9,25L,G2,HR_034,HR_112,2
385,9,25R,G2,HR_062,HR_136,5
386,9,26L,G2,HR_121,HR_141,2
386,9,26R,G1,HR_147,HR_150,3
387,9,27L,G1,HR_148,HR_050,5
387,9,27R,G1,HR_171,HR_057,4
388,9,28L,G1,HR_168,HR_148,3
388,9,28R,G2,HR_168,HR_148,5
389,9,29L,G2,HR_006,HR_162,2
389,9,29R,G2,HR_131,HR_046,3
390,9,30L,G2,HR_057,HR_147,1
390,9,30R,G2,HR_121,HR_141,5
391,9,31L,G1,HR_062,HR_136,5
391,9,31R,G1,HR_027,HR_043,5
392,9,32L,G2,HR_110,HR_037,3
392,9,32R,G2,HR_095,HR_020,5
393,9,33L,G2,HR_070,HR_061,4
393,9,33R,G2,HR_148,HR_050,1
394,9,34L,G2,HR_053,HR_169,2
394,9,34R,G2,HR_059,HR_155,5
395,9,35L,G1,HR_164,HR_201,5
395,9,35R,G1,HR_008,HR_012,4
396,9,36L,G1,HR_195,HR_181,
396,9,36R,G1,HR_157,HR_085,2
397,9,37L,G1,HR_168,HR_064,4
397,9,37R,G2,HR_034,HR_017,
398,9,38L,G2,HR_005,HR_180,1
398,9,38R,G2,HR_189,HR_051,3
399,9,39L,G2,HR_053,HR_092,3
399,9,39R,G2,HR_115,HR_131,2
400,9,40L,G1,HR_164,HR_041,4
400,9,40R,G2,HR_121,HR_105,4
401,9,41L,G2,HR_164,HR_201,3
401,9,41R,G1,HR_148,HR_109,1
402,9,42L,G1,HR_131,HR_049,
402,9,42R,G1,HR_135,HR_152,1
403,9,43L,G1,HR_008,HR_058,3
403,9,43R,G2,HR_053,HR_092,1
404,9,44L,G2,HR_027,HR_043,2
404,9,44R,G2,HR_131,HR_113,3
405,9,45L,G2,HR_059,HR_166,5
405,9,45R,G1,HR_108,HR_177,2
406,9,46L,G1,HR_057,HR_006,
406,9,46R,G1,HR_053,HR_038,3
